{
  "action_mean": [
    0.5303826116019034,
    0.0900063359487567,
    0.20874744044175517,
    0.01194366855582234,
    -1.1980628907269693,
    -0.08913720234357556,
    0.3394094266768643
  ],
  "action_std": [
    0.2331777444512051,
    0.3931013589852305,
    0.1951504654082863,
    0.35284855517083125,
    2.8142719490052586,
    0.1914501184693465,
    0.47339628537826883
  ],
  "action_min": [
    -5.963272115168666,
    -18.655531710292237,
    -3.266756503642011,
    -1.7634839272987308,
    -3.1408708162936096,
    -1.0312300043564084,
    -0.00029997527599334717
  ],
  "action_max": [
    6.675771945597727,
    19.23335325245077,
    6.401150506035002,
    1.8842557717926007,
    3.1405472056083776,
    0.6355781187036599,
    1.0
  ],
  "state_mean": [
    0.5360421240077757,
    0.09452959745762751,
    0.20559363313276932,
    -0.002402566933773516,
    -1.1645469050827282,
    -0.09167504604864457,
    0.2860773317087475
  ],
  "state_std": [
    0.045737302893299726,
    0.1864350403342049,
    0.1036443451900479,
    0.35748344690506934,
    2.828932855558908,
    0.18921123781519175,
    0.3871384721387788
  ],
  "state_min": [
    0.3857742249965668,
    -0.34756433963775635,
    0.031223587691783905,
    -1.192284560396774,
    -3.140129965568865,
    -0.5395236994527888,
    -0.00100003182888031
  ],
  "state_max": [
    0.6230365037918091,
    0.5273786783218384,
    0.43397295475006104,
    1.1998873681069446,
    3.141143798775754,
    0.5188035512367026,
    0.948300002142787
  ],
  "state_01": [
    0.4177301824092865,
    -0.31689155101776123,
    0.044250305742025375,
    -0.8478912157936465,
    -3.1314720571146775,
    -0.4622767119103211,
    -0.0004000365734100342
  ],
  "state_99": [
    0.60959392786026,
    0.5026933550834656,
    0.4100005328655243,
    0.9130134929788741,
    3.1315419331518894,
    0.39654870391520414,
    0.9468000000342727
  ]
}